lookbook_title,theme_description,key_visual_elements,featured_products,mood_tone_keywords,narrative_hook
Neon Reverie,"A dreamscape where Tokyo street energy fuses with lucid digital realms, channeling neon-lit spirituality and kinetic optimism.","holographic textures, neon gradients, kinetic lines, digital glyphs","T-Shirts, Hoodies, Bucket Hats, Joggers & Track Pants","electric, transcendent, urban, vibrant","Awaken in a city where every light is a portal to the future."
Celestial Drift,"Inspired by cosmic navigation and ancient star maps, this lookbook blends astral motifs with sleek, modular silhouettes.","star charts, metallic sheens, constellation embroidery, modular panels","Button-Down Shirts, Sweatshirts, Scarves / Bandanas, Tote Bags","ethereal, cosmic, serene, visionary","Navigate the unknown—dress for the journey between worlds."
Urban Shaman,"A cross-cultural fusion of indigenous patterns and cybernetic forms, channeling ancestral wisdom through modern streetwear.","tribal prints, circuit motifs, UV-reactive details, layered fabrics","Hoodies, Joggers & Track Pants, Bucket Hats, T-Shirts","mystical, rebellious, grounded, futuristic","Where ancient rites meet digital rebellion."
Quantum Nomad,"Nomadic silhouettes meet quantum-inspired graphics, reflecting a world in constant flux and transformation.","fractal patterns, shifting gradients, reflective trims, asymmetrical cuts","Sweatshirts, Shorts, Tote Bags, Polo Shirts","dynamic, adaptive, exploratory, bold","For those who travel between realities—never standing still."
Solar Oracle,"Solar deities and prophecy hues merge with techwear, channeling radiant energy and spiritual foresight.","sunburst motifs, gold foiling, prophecy hues, geometric sunrays","T-Shirts, Hoodies, Scarves / Bandanas, Joggers & Track Pants","radiant, prophetic, spiritual, energetic","Illuminate your path—wear the wisdom of the sun."
Biolume City,"Inspired by bioluminescent organisms and urban nightlife, this lookbook glows with life and movement.","bioluminescent accents, fluid lines, glowing seams, organic mesh","Hoodies, Joggers & Track Pants, Bucket Hats, T-Shirts","luminous, organic, nocturnal, vibrant","Glow through the city—become the light in the dark."
Zen Circuit,"Minimalist geomancy meets Eastern calligraphy and digital circuitry, creating a tranquil yet high-tech aesthetic.","calligraphic strokes, circuit board lines, monochrome palette, subtle gradients","Sweatshirts, Polo Shirts, Button-Down Shirts, Tote Bags","minimalist, tranquil, precise, contemplative","Balance the code—find harmony in the digital age."
Transcendence Code,"Sacred geometry and encrypted messages intertwine, inviting wearers to decode their own spiritual journey.","sacred geometry, barcode prints, encrypted symbols, layered transparencies","T-Shirts, Button-Down Shirts, Scarves / Bandanas, Hoodies","mysterious, introspective, symbolic, futuristic","Unlock the patterns—your story is written in the code."
Oasis Redux,"Desert mysticism meets urban renewal, blending sand-washed tones with modular, water-inspired details.","dune gradients, oasis blues, modular tapes, flowing silhouettes","Joggers & Track Pants, Shorts, Tote Bags, Polo Shirts","refreshing, adaptive, serene, resilient","Find your oasis—where the city meets the spirit of the desert."
Mythic Mesh,"Global mythologies are reimagined through mesh overlays and digital embroidery, creating wearable legends.","mythic symbols, mesh layers, digital embroidery, iridescent threads","Hoodies, T-Shirts, Bucket Hats, Sweatshirts","legendary, layered, mystical, innovative","Wear the myths—become the legend in a digital world."
Prism Pilgrimage,"A journey through color and light, inspired by spiritual pilgrimages and refracted realities.","prismatic gradients, light beams, reflective panels, journey motifs","T-Shirts, Scarves / Bandanas, Tote Bags, Shorts","colorful, uplifting, transformative, radiant","Walk the path of light—every step a new spectrum."
Echoes of Tomorrow,"Retro-futurist nostalgia meets Afrofuturist rhythms, blending past and future into a vibrant now.","retro color blocks, afrocentric patterns, chrome accents, rhythmic lines","Sweatshirts, Joggers & Track Pants, Bucket Hats, T-Shirts","nostalgic, rhythmic, bold, forward-thinking","The future echoes—dance to the beat of tomorrow."
Digital Dharma,"Buddhist symbolism and digital minimalism converge, offering mindful fashion for the hyperconnected age.","lotus motifs, pixel gradients, meditative lines, soft tech fabrics","Polo Shirts, Hoodies, Tote Bags, Scarves / Bandanas","mindful, serene, connected, minimalist","Find your center—where mindfulness meets the mainframe."
Arctic Oracle,"Nordic runes and icy palettes blend with techwear, channeling wisdom from frozen frontiers.","ice blue gradients, rune prints, thermal textures, reflective piping","Sweatshirts, Joggers & Track Pants, Bucket Hats, T-Shirts","crisp, mystical, resilient, cool","Decode the frost—wisdom flows from the edge of the world."
Pulsewave Ritual,"Inspired by global dance rituals and digital soundscapes, this lookbook pulses with kinetic energy.","wave patterns, soundwave graphics, neon trims, rhythmic layering","T-Shirts, Shorts, Hoodies, Bucket Hats","energetic, rhythmic, vibrant, immersive","Feel the pulse—move to the ritual of the future."
Gaia Interface,"Earth’s organic forms meet digital interfaces, celebrating the harmony of nature and technology.","leaf fractals, circuit overlays, earth tones, biophilic prints","Button-Down Shirts, Tote Bags, Joggers & Track Pants, Scarves / Bandanas","organic, harmonious, grounded, innovative","Connect to the source—where nature uploads to the cloud."
Astral Nomad,"Inspired by Silk Road journeys and astral travel, this lookbook fuses global textiles with cosmic motifs.","woven patterns, star maps, metallic threads, travel-inspired cuts","Polo Shirts, Scarves / Bandanas, Shorts, Tote Bags","adventurous, cosmic, eclectic, timeless","Journey beyond borders—wear the map of the stars."
Vapor Monk,"Zen monastic silhouettes meet vaporwave aesthetics, blending tranquility with digital surrealism.","pastel gradients, oversized cuts, glitch motifs, soft layering","Sweatshirts, Hoodies, Bucket Hats, T-Shirts","surreal, tranquil, dreamy, contemplative","Meditate in motion—where vaporwave meets the void."
Oracle Street,"Prophetic streetwear with coded messages and urban mystique, channeling the wisdom of the crowd.","prophecy symbols, barcode prints, urban neutrals, layered graphics","T-Shirts, Joggers & Track Pants, Bucket Hats, Tote Bags","mysterious, urban, insightful, bold","The city speaks—decode the prophecy in every step."
Lunar Scribe,"Inspired by moonlit rituals and ancient scripts, this lookbook writes new stories in silver and shadow.","moon phases, script motifs, silver accents, shadowy layers","Button-Down Shirts, Scarves / Bandanas, Hoodies, Shorts","mystical, poetic, nocturnal, elegant","Write your legend—let the moon be your guide."
Sonic Mirage,"Desert festival energy meets digital sound, blending mirage-inspired visuals with audio-reactive details.","mirage gradients, soundwave prints, reflective trims, festival motifs","T-Shirts, Shorts, Bucket Hats, Tote Bags","festive, vibrant, illusory, rhythmic","Hear the mirage—where sound and vision blur."
Spirit Grid,"Sacred grids and global spiritual symbols are reimagined as wearable tech, channeling collective energy.","grid patterns, spiritual icons, luminous piping, modular layers","Hoodies, Joggers & Track Pants, Scarves / Bandanas, Polo Shirts","collective, spiritual, luminous, structured","Plug into the grid—where spirit and circuitry unite."
Chromatic Pilgrim,"A journey through shifting color fields and cultural motifs, celebrating movement and transformation.","color-shifting fabrics, global patterns, dynamic cuts, travel-inspired details","T-Shirts, Button-Down Shirts, Shorts, Tote Bags","transformative, vibrant, global, kinetic","Every color is a step—walk the world in living light."
lookbook_title,theme_description,key_visual_elements,featured_products,mood_tone_keywords,narrative_hook  
Neon Reverie,Neon lights blend with Indigenous dreamtime stories to form adaptive clothing that evolves with the wearer's digital aura, ushering in a new era of spiritual connectivity.,holographic textures,glowing circuits,meditative mandalas,bioluminescent accents,T-Shirts,Hoodies,Bucket Hats,Caps,ethereal,energetic,futuristic,transcendent,Where neon dreams awaken ancient wisdom.  
Celestial Drift,A fusion of cosmic astronomy and African tribal motifs creates flowing garments that symbolize interstellar journeys and ancestral guidance in a tech-driven world.,starfield patterns,orbiting geometrics,luminescent fabrics,ethereal veils,Hoodies,Sweatshirts,Tote Bags,Scarves / Bandanas,celestial,transformative,mystical,wanderlust,Embark on a starlit voyage through forgotten heritage.  
Urban Shaman,Modern urban landscapes merge with shamanic rituals from the Americas, crafting apparel that channels protective energies through innovative smart fabrics.,sharp geometrics,spiritual symbols,energy-infused prints,adaptive layers,T-Shirts,Polo Shirts,Joggers & Track Pants,Button-Down Shirts,rebellious,empowering,ritualistic,innovative,Where city streets echo ancient chants.  
Quantum Echo,Quantum physics intertwines with Japanese Zen philosophy to produce garments that shift patterns based on wearer interaction, fostering a sense of timeless evolution.,fractal designs,waveform gradients,interactive holograms,molecular weaves,Hoodies,Sweatshirts,Shorts,Bucket Hats,fluid,dynamic,minimalist,enlightening,Unlock echoes of parallel realities in everyday wear.  
Galactic Harmony,Space-age materials fuse with Middle Eastern geometric art, creating harmonious ensembles that promote universal peace and personal transformation.,orbital symmetries,cosmic embroideries,iridescent layers,harmonic motifs,Polo Shirts,Button-Down Shirts,Tote Bags,Scarves / Bandanas,balanced,serene,futuristic,unifying,Harmony between stars and soul.  
Cyber Ritual,Ancient European pagan rites meet cutting-edge AI, resulting in ritualistic clothing that adapts to environmental changes for spiritual resilience.,coded symbols,digital runes,glowing artifacts,transformative weaves,T-Shirts,Hoodies,Joggers & Track Pants,Shorts,rebellious,mystical,adaptive,empowering,Rituals reborn in the code of tomorrow.  
Elemental Fusion,Earth's natural elements combine with Nordic folklore and nanotechnology, producing garments that respond to the elements for enhanced wearer vitality.,terrain textures,elemental gradients,nano-infused fabrics,ancestral carvings,Sweatshirts,Joggers & Track Pants,Bucket Hats,Tote Bags,vital,grounded,transformative,resilient,Fuse fire, earth, and code for inner strength.  
Digital Nomad,Global nomadic traditions intersect with virtual reality tech, crafting versatile apparel for the perpetual traveler in a hyper-connected future.,modular designs,virtual overlays,nomadic patterns,adaptive straps,Polo Shirts,Button-Down Shirts,Shorts,Scarves / Bandanas,nomadic,agile,futuristic,liberating,Wander worlds real and digital with ease.  
Spirit Wave,Oceanic waves from Polynesian culture merge with bio-luminescent tech, creating fluid garments that embody emotional flow and environmental harmony.,wave dynamics,bioluminescent accents,fluid drapes,aquatic symbols,Hoodies,Sweatshirts,Joggers & Track Pants,Tote Bags,flowing,serene,oceanic,renewing,Ride the wave of spirit and innovation.  
Holo Heritage,Holographic tech blends with South Asian heritage textiles, forming interactive clothing that preserves cultural stories through light and motion.,holo-projections,heritage weaves,light-reactive patterns,cultural motifs,T-Shirts,Polo Shirts,Bucket Hats,Button-Down Shirts,vibrant,storied,interactive,legacy,Heritage holograms that dance with destiny.  
Vortex Visions,Whirling dervish inspirations from Sufi traditions fuse with vortex energy fields, producing garments that swirl with kinetic patterns for inner focus.,vortex spirals,kinetic gradients,energy fields,spiritual swirls,Sweatshirts,Shorts,Scarves / Bandanas,Tote Bags,dynamic,focused,whirling,transcendent,Visions that vortex through time and space.  
Lumina Legacy,Ancient Incan sun worship meets solar-powered fabrics, crafting luminous apparel that captures and radiates energy for modern enlightenment.,solar infusions,sunburst designs,luminescent threads,legacy carvings,Hoodies,T-Shirts,Joggers & Track Pants,Bucket Hats,radiant,empowering,enlightening,enduring,Legacy of light in every dawn.  
Techno Tribe,Tribal patterns from Indigenous Australian art integrate with wearable tech, creating community-focused garments that pulse with shared narratives.,tribal circuits,tech-infused patterns,communal symbols,adaptive badges,Polo Shirts,Button-Down Shirts,Shorts,Scarves / Bandanas,connected,tribal,innovative,united,Tribes thrive in the techno wilds.  
Astral Flow,Astral projection concepts from Egyptian mythology blend with fluid dynamics tech, resulting in garments that flow with celestial energy.,astral flows,celestial gradients,projection weaves,eternal motifs,Sweatshirts,Hoodies,Tote Bags,Button-Down Shirts,flowing,ethereal,astral,transformative,Flow into the stars of your soul.  
Mystic Matrix,Matrix-like digital grids fuse with Tibetan mystic symbols, producing apparel that decodes personal insights through interactive designs.,grid patterns,mystic codes,interactive matrices,symbolic layers,T-Shirts,Joggers & Track Pants,Bucket Hats,Scarves / Bandanas,mystical,digital,enigmatic,insightful,Matrix of mysteries unlocked within.  
Pulse of the Ancients,Ancient Mayan calendars merge with biometric tech, crafting garments that pulse with the rhythm of time and personal health.,calendar prints,biometric pulses,temporal weaves,ancient rhythms,Hoodies,Sweatshirts,Polo Shirts,Shorts,timeless,pulsing,healthful,ancient,Pulses that bridge eras and heartbeats.  
Neon Nomad,Neon aesthetics combine with Romani nomadic heritage, creating vibrant, mobile clothing for the restless explorer in a neon-lit future.,neon trails,nomadic layers,exploratory patterns,adaptive glows,T-Shirts,Button-Down Shirts,Joggers & Track Pants,Tote Bags,nomadic,neon,vibrant,adventurous,Nomad lights the path to infinity.  
Ethereal Edge,Crisp edges of modern minimalism fuse with Celtic edge lore, producing garments that sharpen focus and spiritual boundaries.,sharp edges,ethereal mists,celtic carvings,minimal weaves,Polo Shirts,Scarves / Bandanas,Bucket Hats,Shorts,ethereal,sharp,minimalist,edged,Edges that cut through the veil of reality.  
Fusion Frontier,Pioneering frontier themes from American West lore blend with fusion energy tech, crafting bold apparel for boundary-breaking adventurers.,frontier circuits,fusion gradients,modular frontiers,energy motifs,Sweatshirts,Hoodies,Shorts,Tote Bags,bold,futuristic,frontier,empowering,Frontiers fused for fearless futures.  
Radiant Realm,Radiant realms of Hindu cosmology meet quantum light tech, resulting in garments that illuminate inner peace and global unity.,radiant lights,cosmic realms,quantum weaves,unity symbols,T-Shirts,Polo Shirts,Button-Down Shirts,Scarves / Bandanas,radiant,unifying,peaceful,illuminating,Realms radiate from within to the world.  
Shadow Surge,Shadow play from Southeast Asian traditions integrates with surge protection tech, creating adaptive clothing for navigating unseen forces.,shadow patterns,surge dynamics,protective weaves,ethereal shadows,Hoodies,Joggers & Track Pants,Bucket Hats,Tote Bags,surging,shadowy,adaptive,resilient,Surge through shadows to light.  
Infinite Interface,Infinite loops of Buddhist mandalas fuse with interface tech, producing garments that interface with the infinite for endless inspiration.,infinite loops,interface gradients,mandala matrices,looping designs,Sweatshirts,T-Shirts,Polo Shirts,Shorts,infinite,interface,inspirational,endless,Interfaces to the infinite self.
lookbook_title,theme_description,key_visual_elements,featured_products,target_audience,style_keywords,narrative_hook  
Lumina Luxe,This collection fuses bioluminescent marine life from Pacific Island cultures with eco-friendly LED fabrics, evoking a sense of oceanic harmony and personal renewal in a sustainable future.,iridescent fabrics,underwater glows,eco-dyed colors,fluid silhouettes,wave-like patterns,Smart Fabrics,Sustainable Couture,Global explorers, 18-35, eco-warriors seeking adventure,futuristic,ethereal,sustainable,innovative,flowing,Where ocean depths illuminate your inner light.  
Cyber Chroma,Inspired by the vibrant street art of urban Brazil and adaptive color-changing tech, this lookbook celebrates dynamic identity and cultural expression through reversible, energy-efficient designs.,chromatic shifts,street graffiti motifs,neon palettes,modular layers,interactive textures,Techwear,Smart Fabrics,Cyber Accessories,Young urbanites, 20-40, culturally curious and tech-savvy,futuristic,edgy,vibrant,sustainable,adaptive,Chroma that changes with your story.  
Virtual Vanguard,Drawing from Nordic mythology and AR-enhanced apparel, this theme explores digital frontiers with garments that symbolize resilience and environmental stewardship.,holographic overlays,runic symbols,forest-inspired hues,layered interfaces,adaptive lighting,Holographic Apparel,Digital Footwear,Global innovators, 25-45, sustainability advocates,futuristic,avant-garde,mystical,eco-friendly,exploratory,Step into the vanguard of virtual realms.  
Eco Eclipse,Blending ancient solar eclipse rituals from Indigenous American traditions with solar-powered fabrics, this collection promotes harmony between nature and technology for emotional balance.,eclipse gradients,natural textures,earth-toned palettes,reversible panels,light-reactive weaves,Smart Fabrics,Sustainable Couture,Techwear,Conscious consumers, 18-30, nature lovers and futurists,futuristic,serene,sustainable,transformative,balanced,Eclipse the ordinary with eco-elegance.  
Quantum Quilt,Rooted in African textile heritage and quantum-responsive materials, this lookbook weaves stories of community and innovation for a connected, low-impact future.,geometric quilts,quantum patterns,vibrant cultural hues,interlocking weaves,energy-efficient layers,Holographic Apparel,Sustainable Couture,Cyber Accessories,Creative professionals, 22-38, culturally integrated and eco-minded,futuristic,artistic,interconnected,sustainable,heritage-inspired,Quilt the quantum threads of your legacy.  
Nebula Nomad,Merging nomadic desert cultures of the Middle East with smart, lightweight fabrics, this theme captures the essence of endless journeys and sustainable exploration.,nebula prints,desert wind flows,starlit palettes,nomadic drapes,adaptive ventilation,Techwear,Digital Footwear,Smart Fabrics,Adventurers, 25-40, wanderlust-driven and environmentally aware,futuristic,nomadic,breathable,sustainable,exploratory,Wander nebulae in sustainable style.  
Astral Alchemy,Inspired by alchemical practices from ancient Europe and bio-degradable smart fabrics, this collection transforms everyday wear into symbols of personal evolution and planetary care.,alchemical symbols,metallic gradients,cosmic color shifts,reactive alchemy weaves,eco-alchemy textures,Holographic Apparel,Sustainable Couture,Cyber Accessories,Intellectual seekers, 28-45, spiritually inclined and green-focused,futuristic,mystical,transformative,sustainable,alchemical,Fuse stars and sustainability in your alchemy.  
Pulse Prism,Integrating Southeast Asian prism festivals with heartbeat-responsive tech, this lookbook pulses with life, fostering emotional connectivity and zero-waste design.,prism refractions,heart pulse patterns,festival hues,layered prisms,biodegradable interfaces,Smart Fabrics,Techwear,Digital Footwear,Festival-goers, 18-35, vibrant and eco-conscious youth,futuristic,energetic,pulsing,sustainable,immersive,Prism your pulse for a greener beat.  
Terra Tech,Blending Indigenous Earth-based rituals with terraforming-inspired techwear, this theme emphasizes grounding and innovation for a resilient, eco-positive world.,terraformed terrains,ritual earth tones,adaptive soil textures,modular tech layers,sustainable weaves,Techwear,Sustainable Couture,Holographic Apparel,Eco-activists, 20-40, earth-centered and tech-enthusiastic,futuristic,grounded,earthy,sustainable,innovative,Tech the terra for tomorrow's harmony.  
Holo Harmony,Fusing Japanese harmony principles with holographic eco-fabrics, this collection creates serene, interactive pieces that promote mindfulness and reduced environmental impact.,holo-harmony projections,zen garden motifs,soft light palettes,interactive folds,biodegradable holograms,Holographic Apparel,Smart Fabrics,Cyber Accessories,Mindful professionals, 25-50, balance-seeking and sustainable,futuristic,serene,harmonious,eco-friendly,zen-inspired,Harmony holo in every heartbeat.  
Flux Frontier,Rooted in frontier stories from Australian Aboriginal culture and flux-capacitor tech, this lookbook explores adaptive fashion for bold, sustainable adventures.,flux energy flows,tribal frontier patterns,adaptive color fluxes,modular frontiers,eco-flux weaves,Techwear,Digital Footwear,Sustainable Couture,Explorers, 22-38, adventurous and conservation-oriented,futuristic,dynamic,frontier,sustainable,fluxing,Flux into frontiers of eco-innovation.  
Spectral Shift,Drawn from South Asian spectral festivals and color-shifting fabrics, this theme shifts perspectives on cultural identity and sustainable living.,spectral light shifts,festival spectral hues,cultural wave patterns,reversible spectrums,energy-saving shifts,Holographic Apparel,Smart Fabrics,Cyber Accessories,Cultural enthusiasts, 18-40, festive and eco-aware,futuristic,spectral,vibrant,sustainable,shifting,Spectrals that shift towards sustainability.  
Echo Eden,Evoking Edenic myths from various global cultures with echo-responsive apparel, this collection echoes calls for biodiversity and tech harmony.,echoic garden motifs,edenic green palettes,responsive echo weaves,natural eco-layers,biodegradable echoes,Sustainable Couture,Techwear,Holographic Apparel,Nature aficionados, 24-45, idealistic and green-tech lovers,futuristic,echoing,idyllic,sustainable,harmonious,Echo Eden's call for renewal.  
Orbit Odyssey,Inspired by space odysseys from sci-fi and orbital tech, blended with sustainable space-age materials for a journey of self-discovery.,orbital trajectories,odyssey star patterns,cosmic eco-hues,modular orbit layers,lightweight sustainable orbits,Digital Footwear,Smart Fabrics,Holographic Apparel,Astro-enthusiasts, 20-35, dreamy and eco-innovative,futuristic,odysseic,celestial,sustainable,exploratory,Orbit into odysseys of green galaxies.  
Vortex Veil,Integrating veiled traditions from North African cultures with vortex-tech fabrics, this lookbook veils the future in sustainable mystery.,vortex energy veils,cultural veil patterns,mystical vortex hues,adaptive vortex layers,eco-veil weaves,Holographic Apparel,Sustainable Couture,Cyber Accessories,Mystical seekers, 25-40, enigmatic and environmentally conscious,futuristic,vortexing,mystical,sustainable,veiled,Vortex through veils of verdant futures.  
Radiant Rift,Blending rift valley legends from East Africa with radiant, rift-responsive tech, this collection radiates stories of resilience and eco-restoration.,rift energy radiances,valley cultural motifs,radiant earth tones,responsive rift layers,sustainable radiances,Techwear,Smart Fabrics,Digital Footwear,Cultural storytellers, 28-50, resilient and green-hearted,futuristic,radiant,rifted,sustainable,restorative,Rift into radiant rebirths.  
Nova Nexus,From nova star myths of Polynesian origins and nexus-linking tech, this theme connects users in a web of sustainable, interstellar narratives.,nova star nexuses,cultural nexus patterns,interstellar eco-hues,linking nexus layers,biodegradable connections,Holographic Apparel,Cyber Accessories,Sustainable Couture,Interconnected globalists, 18-35, starry-eyed and eco-linked,futuristic,nexused,stellar,sustainable,connecting,Nova the nexus of new worlds.  
Geo Glow,Inspired by geometric earth art from Native American traditions and glow-in-the-dark eco-fabrics, this lookbook glows with geometric sustainability.,geometric earth glows,tribal geo patterns,eco-glow palettes,layered geo weaves,energy-efficient glows,Smart Fabrics,Sustainable Couture,Techwear,Artistic earth-lovers, 22-40, geometric and green-inspired,futuristic,glowing,geometric,sustainable,earthy,Glow the geo of tomorrow.  
Infinity Iris,Blending iris flower symbolism from Greek mythology with infinity-loop tech, this collection loops towards infinite eco-harmony.,infinity iris loops,mythic iris patterns,iris eco-hues,looping iris layers,biodegradable infinities,Holographic Apparel,Digital Footwear,Cyber Accessories,Philosophical dreamers, 25-45, infinite and sustainable thinkers,futuristic,infinite,irised,sustainable,looping,Iris the infinity of eco-eternity.  
Synth Sanctuary,Rooted in sanctuary concepts from Asian philosophies and synth-wave tech, this lookbook sanctifies sustainable retreats in a digital age.,synth wave sanctuaries,philosophical patterns,sanctuary eco-hues,adaptive synth layers,low-impact synths,Techwear,Sustainable Couture,Holographic Apparel,Wellness seekers, 20-50, sanctuary-loving and eco-tech users,futuristic,synth,sanctified,sustainable,retreating,Sanctuary in synth waves of green.  
Aura Arc,From auroral lights of Arctic cultures and arc-tech fabrics, this theme arcs towards auroral sustainability and emotional warmth.,auroral arc lights,cultural arc patterns,aurora eco-hues,arching arc layers,eco-arc weaves,Smart Fabrics,Holographic Apparel,Digital Footwear,Arctic-inspired adventurers, 18-40, auroral and eco-enthused,futuristic,arcing,auroral,sustainable,warm,Aura the arc of eco-light.  
Prism Pulse,Integrating pulse rhythms from African drumming and prism-tech, this lookbook pulses with cultural beats and sustainable energy.,prism drum pulses,drumming cultural patterns,pulse eco-hues,responsive prism layers,energy-saving pulses,Cyber Accessories,Techwear,Smart Fabrics,Rhythmic culturalists, 22-38, pulsing and green-beat lovers,futuristic,pulsing,prismatic,sustainable,rhythmic,Pulse prisms to eco-rhythms.  
Zenith Zone,Drawn from zenith sky myths and zone-adaptive tech, this collection zones in on peak sustainability and cultural highs.,zenith sky zones,mythic zone patterns,zenith eco-hues,adaptive zone layers,biodegradable zones,Holographic Apparel,Sustainable Couture,Digital Footwear,Peak performers, 25-45, zenith-seeking and eco-focused,futuristic,zenith,zoned,sustainable,high-reaching,Zone the zenith of green peaks.  
Wisp Wave,Wisp legends from Celtic folklore fused with wave-tech fabrics, creating wispy, sustainable waves of cultural whispers.,wisp wave flows,folklore wisp patterns,wave eco-hues,flowing wisp layers,eco-wave weaves,Smart Fabrics,Techwear,Cyber Accessories,Whimsical storytellers, 20-35, wisp-like and environmentally poetic,futuristic,wispy,waving,sustainable,whispering,Wave wisps into eco-whispers.  
Cosmic Cascade,Cascading cosmic tales from South American lore with cascade-responsive tech, this lookbook cascades towards sustainable cosmic flows.,cosmic cascade flows,lore cascade patterns,cosmic eco-hues,responsive cascade layers,biodegradable cascades,Holographic Apparel,Digital Footwear,Sustainable Couture,Cosmic flow enthusiasts, 18-40, cascading and eco-curious,futuristic,cascading,cosmic,sustainable,flowing,Cascade into cosmic eco-flows.
lookbook_title,theme_description,key_visual_elements,featured_products,target_audience,style_keywords,narrative_hook
Lumina Luxe,"A radiant fusion of East Asian minimalism and high-tech opulence, channeling light as a symbol of renewal and clarity.","iridescent fabrics, clean lines, gold accents, ambient glow, reflective surfaces","Sustainable Couture, Holographic Apparel, Smart Fabrics","Urban professionals, 22–35, design-savvy, eco-conscious","futuristic, luminous, minimal, sustainable, refined, global","Illuminate your path—where clarity meets couture."
Cyber Chroma,"Inspired by digital art and global street culture, this lookbook explodes with color and kinetic energy, celebrating diversity and digital connection.","neon hues, glitch patterns, color-blocking, LED trims, dynamic silhouettes","Techwear, Cyber Accessories, Holographic Apparel","Gen Z creatives, 16–28, digital natives, trend-driven","vibrant, edgy, playful, tech-infused, inclusive, bold","Plug into the spectrum—express every shade of you."
Virtual Vanguard,"A vision of tomorrow’s leaders, blending smart textiles with modular, adaptive design for a world in constant motion.","modular panels, adaptive fits, monochrome palette, smart textiles, subtle circuitry","Smart Fabrics, Techwear, Digital Footwear","Young professionals, 20–35, innovators, urban explorers","adaptive, sleek, innovative, versatile, progressive, functional","Lead the future—wear the change you want to see."
Eco Genesis,"Nature’s resilience meets future-forward design, with recycled materials and biomimicry shaping a new era of sustainable luxury.","recycled fibers, earth tones, organic textures, leaf motifs, solar-reactive dyes","Sustainable Couture, Smart Fabrics, Cyber Accessories","Eco-activists, 18–32, sustainability advocates, conscious consumers","organic, sustainable, innovative, earthy, luxurious, mindful","Rooted in nature—grown for the next generation."
Transcultural Flux,"A global remix of patterns and silhouettes, weaving together motifs from Africa, Asia, and the Americas in a digital tapestry.","cross-cultural prints, layered textiles, digital embroidery, vibrant contrasts, reversible designs","Sustainable Couture, Holographic Apparel, Techwear","Global citizens, 18–34, culturally curious, fashion-forward","eclectic, bold, symbolic, inclusive, transformative, narrative-driven","Wear the world—every thread tells a story."
Neon Nomad,"Urban wanderers meet cyberpunk aesthetics, with reflective surfaces and UV-reactive details lighting up the night.","reflective panels, UV-reactive trims, dark base tones, neon piping, modular pockets","Techwear, Cyber Accessories, Digital Footwear","Nightlife enthusiasts, 19–30, city explorers, style rebels","nocturnal, adventurous, techy, bold, modular, energetic","Light up the city—move unseen, shine everywhere."
Gaia Circuit,"Earth’s organic forms merge with digital circuitry, creating a harmonious blend of nature and technology.","circuit-inspired embroidery, moss greens, copper accents, biophilic patterns, eco-fabrics","Smart Fabrics, Sustainable Couture, Holographic Apparel","Eco-conscious innovators, 20–36, tech lovers, nature enthusiasts","harmonious, organic, tech-driven, sustainable, innovative, serene","Connect to the source—where nature powers the future."
Celestial Code,"Inspired by cosmic navigation and ancient star lore, this lookbook channels the mystery of the universe through wearable tech.","star map prints, metallic sheens, constellation motifs, fiber optic threads, deep blues","Techwear, Holographic Apparel, Cyber Accessories","Stargazers, 18–33, dreamers, science fans","mystical, cosmic, high-tech, dreamy, symbolic, elegant","Decode the cosmos—wear your destiny among the stars."
Urban Shaman,"Modern mysticism meets streetwear, fusing spiritual symbols with tech-infused fabrics for the new urban sage.","sacred geometry, holographic accents, layered neutrals, ritualistic patterns, soft tech","Sustainable Couture, Techwear, Cyber Accessories","Spiritual seekers, 20–38, urban dwellers, mindful trendsetters","spiritual, urban, symbolic, techy, layered, introspective","Channel the unseen—where city energy meets ancient wisdom."
Prism Pilgrimage,"A journey through shifting color fields and cultural motifs, celebrating transformation and self-discovery.","prismatic gradients, global patterns, light-reactive fabrics, journey-inspired cuts, soft metallics","Holographic Apparel, Smart Fabrics, Sustainable Couture","Explorers, 18–29, cultural nomads, self-expressionists","transformative, colorful, global, radiant, expressive, fluid","Every color is a step—walk the world in living light."
Digital Dharma,"Mindful minimalism meets digital innovation, offering calm, meditative fashion for the hyperconnected age.","pixel gradients, lotus motifs, soft neutrals, seamless construction, meditative lines","Smart Fabrics, Sustainable Couture, Cyber Accessories","Mindful millennials, 22–40, wellness-focused, tech adopters","minimalist, serene, mindful, techy, clean, balanced","Find your center—where mindfulness meets the mainframe."
Arctic Aurora,"Inspired by polar landscapes and the aurora borealis, this lookbook features cool tones and light-reactive materials.","ice blue gradients, iridescent sheens, thermal textures, reflective piping, snow-white bases","Holographic Apparel, Techwear, Digital Footwear","Adventurers, 18–35, outdoor lovers, style pioneers","crisp, luminous, resilient, cool, innovative, ethereal","Dress for the edge—where light dances on the horizon."
Solar Oracle,"Solar energy and prophecy hues merge with techwear, channeling radiant optimism and spiritual foresight.","sunburst motifs, gold foiling, prophecy hues, geometric sunrays, solar-reactive fabrics","Techwear, Smart Fabrics, Cyber Accessories","Optimists, 20–34, future-focused, eco-aware","radiant, optimistic, spiritual, energetic, techy, bold","Illuminate your path—wear the wisdom of the sun."
Mythic Mesh,"Global mythologies are reimagined through mesh overlays and digital embroidery, creating wearable legends.","mythic symbols, mesh layers, digital embroidery, iridescent threads, layered silhouettes","Sustainable Couture, Holographic Apparel, Techwear","Storytellers, 18–32, culture lovers, creative minds","legendary, layered, mystical, innovative, narrative, artistic","Wear the myths—become the legend in a digital world."
Pulsewave Ritual,"Inspired by global dance rituals and digital soundscapes, this lookbook pulses with kinetic energy.","wave patterns, soundwave graphics, neon trims, rhythmic layering, dynamic fits","Techwear, Cyber Accessories, Digital Footwear","Music lovers, 16–28, festival goers, movement enthusiasts","energetic, rhythmic, vibrant, immersive, playful, bold","Feel the pulse—move to the ritual of the future."
Zen Circuit,"Minimalist geomancy meets Eastern calligraphy and digital circuitry, creating a tranquil yet high-tech aesthetic.","calligraphic strokes, circuit board lines, monochrome palette, subtle gradients, soft tech","Smart Fabrics, Sustainable Couture, Cyber Accessories","Minimalists, 24–40, design purists, tech professionals","minimalist, tranquil, precise, contemplative, techy, refined","Balance the code—find harmony in the digital age."
Echoes of Tomorrow,"Retro-futurist nostalgia meets Afrofuturist rhythms, blending past and future into a vibrant now.","retro color blocks, afrocentric patterns, chrome accents, rhythmic lines, bold contrasts","Holographic Apparel, Techwear, Cyber Accessories","Cultural creatives, 18–30, heritage seekers, trendsetters","nostalgic, rhythmic, bold, forward-thinking, eclectic, vibrant","The future echoes—dance to the beat of tomorrow."
Quantum Nomad,"Nomadic silhouettes meet quantum-inspired graphics, reflecting a world in constant flux and transformation.","fractal patterns, shifting gradients, reflective trims, asymmetrical cuts, modular details","Techwear, Smart Fabrics, Digital Footwear","Digital nomads, 20–36, global workers, adaptive minds","dynamic, adaptive, exploratory, bold, modular, innovative","For those who travel between realities—never standing still."
Oasis Redux,"Desert mysticism meets urban renewal, blending sand-washed tones with modular, water-inspired details.","dune gradients, oasis blues, modular tapes, flowing silhouettes, eco-fabrics","Sustainable Couture, Techwear, Smart Fabrics","Urban dwellers, 22–38, eco-conscious, style innovators","refreshing, adaptive, serene, resilient, sustainable, modern","Find your oasis—where the city meets the spirit of the desert."
Spirit Grid,"Sacred grids and global spiritual symbols are reimagined as wearable tech, channeling collective energy.","grid patterns, spiritual icons, luminous piping, modular layers, symbolic prints","Techwear, Smart Fabrics, Cyber Accessories","Spiritual techies, 20–35, collective thinkers, urban mystics","collective, spiritual, luminous, structured, symbolic, techy","Plug into the grid—where spirit and circuitry unite."
Chromatic Pilgrim,"A journey through shifting color fields and cultural motifs, celebrating movement and transformation.","color-shifting fabrics, global patterns, dynamic cuts, travel-inspired details, soft metallics","Holographic Apparel, Smart Fabrics, Sustainable Couture","Explorers, 18–29, cultural nomads, self-expressionists","transformative, vibrant, global, kinetic, expressive, fluid","Every color is a step—walk the world in living light."
Vapor Monk,"Zen monastic silhouettes meet vaporwave aesthetics, blending tranquility with digital surrealism.","pastel gradients, oversized cuts, glitch motifs, soft layering, meditative fabrics","Sustainable Couture, Holographic Apparel, Techwear","Digital dreamers, 18–32, calm seekers, style experimenters","surreal, tranquil, dreamy, contemplative, soft, innovative","Meditate in motion—where vaporwave meets the void."
Lunar Scribe,"Inspired by moonlit rituals and ancient scripts, this lookbook writes new stories in silver and shadow.","moon phases, script motifs, silver accents, shadowy layers, reflective details","Holographic Apparel, Smart Fabrics, Cyber Accessories","Night thinkers, 20–38, poetic souls, creative professionals","mystical, poetic, nocturnal, elegant, symbolic, modern","Write your legend—let the moon be your guide."
Sonic Mirage,"Desert festival energy meets digital sound, blending mirage-inspired visuals with audio-reactive details.","mirage gradients, soundwave prints, reflective trims, festival motifs, light fabrics","Techwear, Digital Footwear, Cyber Accessories","Festival goers, 18–30, music lovers, free spirits","festive, vibrant, illusory, rhythmic, playful, bold","Hear the mirage—where sound and vision blur."
Urban Oracle,"Prophetic streetwear with coded messages and urban mystique, channeling the wisdom of the crowd.","prophecy symbols, barcode prints, urban neutrals, layered graphics, smart textiles","Techwear, Smart Fabrics, Cyber Accessories","City dwellers, 18–34, intuitive thinkers, style leaders","mysterious, urban, insightful, bold, techy, narrative","The city speaks—decode the prophecy in every step."
Biolume City,"Inspired by bioluminescent organisms and urban nightlife, this lookbook glows with life and movement.","bioluminescent accents, fluid lines, glowing seams, organic mesh, dark bases","Holographic Apparel, Techwear, Digital Footwear","Nightlife lovers, 18–29, partygoers, style adventurers","luminous, organic, nocturnal, vibrant, energetic, innovative","Glow through the city—become the light in the dark."
Atlas Reborn,"A reimagining of ancient maps and explorer gear, blending cartographic prints with smart, sustainable materials.","map-coded prints, earth tones, recycled fabrics, modular pockets, compass motifs","Sustainable Couture, Smart Fabrics, Cyber Accessories","Global explorers, 20–40, travel enthusiasts, eco-conscious","adventurous, sustainable, global, innovative, practical, symbolic","Redraw your journey—wear the world’s wisdom."
lookbook_title,theme_description,key_visual_elements,featured_products,target_audience,style_keywords,narrative_hook
Neon Nomads,"A journey through hyper-urban landscapes where kinetic energy and digital mysticism collide, inspired by global night markets and cyberpunk dreams.","neon gradients, reflective trims, kinetic lines, dusk lighting, UV-reactive details","Hoodies, Joggers, Bucket Hats, T-Shirts","Global urban creatives, 22–35, tech-savvy, sustainability-conscious","futuristic, vibrant, kinetic, sustainable, rebellious, urban","Light up the city—move unseen, shine everywhere."
Chromatic Rift,"A visual exploration of color as emotion, blending digital art with ancient festival motifs to create a spectrum of wearable moods.","prismatic fabrics, color-blocking, holographic accents, festival-inspired patterns, soft metallics","T-Shirts, Shorts, Scarves/Bandanas, Tote Bags","Gen Z trendsetters, 18–28, expressive, culturally curious","colorful, expressive, avant-garde, playful, global, bold","Every shade is a story—wear your spectrum."
Digital Shamanism,"Where ancestral wisdom meets algorithmic design, this lookbook channels spiritual symbols through tech-infused streetwear.","sacred geometry, circuit motifs, layered neutrals, coded embroidery, soft tech fabrics","Sweatshirts, Hoodies, Joggers, Scarves/Bandanas","Urban mystics, 20–38, mindful, digitally connected","spiritual, symbolic, techy, layered, introspective, modern","Channel the unseen—rituals for a digital age."
Celestial Drift,"Inspired by cosmic navigation and ancient star lore, this collection fuses astral motifs with modular, adaptive silhouettes.","star maps, metallic sheens, constellation embroidery, modular panels, deep blues","Button-Down Shirts, Sweatshirts, Tote Bags, Scarves/Bandanas","Stargazers, 18–33, dreamers, science fans, eco-aware","ethereal, cosmic, sleek, adaptive, visionary, serene","Navigate the unknown—dress for the journey between worlds."
Urban Oracle,"Prophetic streetwear with coded messages and urban mystique, channeling the wisdom of the crowd and the pulse of the city.","barcode prints, prophecy symbols, urban neutrals, layered graphics, smart textiles","T-Shirts, Joggers, Bucket Hats, Tote Bags","City dwellers, 18–34, intuitive thinkers, style leaders","mysterious, urban, insightful, bold, techy, narrative","The city speaks—decode the prophecy in every step."
Gaia Circuit,"Earth’s organic forms merge with digital circuitry, creating a harmonious blend of nature and technology for the eco-futurist.","circuit-inspired embroidery, moss greens, copper accents, biophilic patterns, eco-fabrics","Polo Shirts, Joggers, Tote Bags, Button-Down Shirts","Eco-conscious innovators, 20–36, tech lovers, nature enthusiasts","harmonious, organic, tech-driven, sustainable, innovative, serene","Connect to the source—where nature powers the future."
Prism Pilgrimage,"A journey through shifting color fields and cultural motifs, celebrating transformation and self-discovery in every step.","prismatic gradients, global patterns, light-reactive fabrics, journey-inspired cuts, soft metallics","T-Shirts, Scarves/Bandanas, Tote Bags, Shorts","Explorers, 18–29, cultural nomads, self-expressionists","transformative, colorful, global, radiant, expressive, fluid","Every color is a step—walk the world in living light."
Mythic Mesh,"Global mythologies are reimagined through mesh overlays and digital embroidery, creating wearable legends for the new era.","mythic symbols, mesh layers, digital embroidery, iridescent threads, layered silhouettes","Hoodies, T-Shirts, Bucket Hats, Sweatshirts","Storytellers, 18–32, culture lovers, creative minds","legendary, layered, mystical, innovative, narrative, artistic","Wear the myths—become the legend in a digital world."
Solar Oracle,"Solar energy and prophecy hues merge with techwear, channeling radiant optimism and spiritual foresight.","sunburst motifs, gold foiling, prophecy hues, geometric sunrays, solar-reactive fabrics","T-Shirts, Hoodies, Scarves/Bandanas, Joggers","Optimists, 20–34, future-focused, eco-aware","radiant, optimistic, spiritual, energetic, techy, bold","Illuminate your path—wear the wisdom of the sun."
Echoes of Tomorrow,"Retro-futurist nostalgia meets Afrofuturist rhythms, blending past and future into a vibrant now for the culturally attuned.","retro color blocks, afrocentric patterns, chrome accents, rhythmic lines, bold contrasts","Sweatshirts, Joggers, Bucket Hats, T-Shirts","Cultural creatives, 18–30, heritage seekers, trendsetters","nostalgic, rhythmic, bold, forward-thinking, eclectic, vibrant","The future echoes—dance to the beat of tomorrow."
Quantum Nomad,"Nomadic silhouettes meet quantum-inspired graphics, reflecting a world in constant flux and transformation.","fractal patterns, shifting gradients, reflective trims, asymmetrical cuts, modular details","Joggers, T-Shirts, Shorts, Hoodies","Digital nomads, 20–36, global workers, adaptive minds","dynamic, adaptive, exploratory, bold, modular, innovative","For those who travel between realities—never standing still."
Oasis Redux,"Desert mysticism meets urban renewal, blending sand-washed tones with modular, water-inspired details for the modern wanderer.","dune gradients, oasis blues, modular tapes, flowing silhouettes, eco-fabrics","Joggers, Shorts, Tote Bags, Polo Shirts","Urban dwellers, 22–38, eco-conscious, style innovators","refreshing, adaptive, serene, resilient, sustainable, modern","Find your oasis—where the city meets the spirit of the desert."
Spirit Grid,"Sacred grids and global spiritual symbols are reimagined as wearable tech, channeling collective energy and unity.","grid patterns, spiritual icons, luminous piping, modular layers, symbolic prints","Hoodies, Joggers, Scarves/Bandanas, Polo Shirts","Spiritual techies, 20–35, collective thinkers, urban mystics","collective, spiritual, luminous, structured, symbolic, techy","Plug into the grid—where spirit and circuitry unite."
Vapor Monk,"Zen monastic silhouettes meet vaporwave aesthetics, blending tranquility with digital surrealism for the mindful futurist.","pastel gradients, oversized cuts, glitch motifs, soft layering, meditative fabrics","Sweatshirts, Hoodies, Bucket Hats, T-Shirts","Digital dreamers, 18–32, calm seekers, style experimenters","surreal, tranquil, dreamy, contemplative, soft, innovative","Meditate in motion—where vaporwave meets the void."
Lunar Scribe,"Inspired by moonlit rituals and ancient scripts, this lookbook writes new stories in silver and shadow for the poetic nightwalker.","moon phases, script motifs, silver accents, shadowy layers, reflective details","Button-Down Shirts, Scarves/Bandanas, Hoodies, Shorts","Night thinkers, 20–38, poetic souls, creative professionals","mystical, poetic, nocturnal, elegant, symbolic, modern","Write your legend—let the moon be your guide."
Sonic Mirage,"Desert festival energy meets digital sound, blending mirage-inspired visuals with audio-reactive details for the free-spirited.","mirage gradients, soundwave prints, reflective trims, festival motifs, light fabrics","T-Shirts, Shorts, Bucket Hats, Tote Bags","Festival goers, 18–30, music lovers, free spirits","festive, vibrant, illusory, rhythmic, playful, bold","Hear the mirage—where sound and vision blur."
Atlas Reborn,"A reimagining of ancient maps and explorer gear, blending cartographic prints with smart, sustainable materials for the new global citizen.","map-coded prints, earth tones, recycled fabrics, modular pockets, compass motifs","Button-Down Shirts, Tote Bags, Joggers, Polo Shirts","Global explorers, 20–40, travel enthusiasts, eco-conscious","adventurous, sustainable, global, innovative, practical, symbolic","Redraw your journey—wear the world’s wisdom."
Biolume City,"Inspired by bioluminescent organisms and urban nightlife, this lookbook glows with life and movement for the nocturnal adventurer.","bioluminescent accents, fluid lines, glowing seams, organic mesh, dark bases","Hoodies, Joggers, Bucket Hats, T-Shirts","Nightlife lovers, 18–29, partygoers, style adventurers","luminous, organic, nocturnal, vibrant, energetic, innovative","Glow through the city—become the light in the dark."
Transcultural Flux,"A global remix of patterns and silhouettes, weaving together motifs from Africa, Asia, and the Americas in a digital tapestry.","cross-cultural prints, layered textiles, digital embroidery, vibrant contrasts, reversible designs","T-Shirts, Button-Down Shirts, Scarves/Bandanas, Polo Shirts","Global citizens, 18–34, culturally curious, fashion-forward","eclectic, bold, symbolic, inclusive, transformative, narrative-driven","Wear the world—every thread tells a story."
Zen Circuit,"Minimalist geomancy meets Eastern calligraphy and digital circuitry, creating a tranquil yet high-tech aesthetic for the mindful minimalist.","calligraphic strokes, circuit board lines, monochrome palette, subtle gradients, soft tech","Sweatshirts, Polo Shirts, Button-Down Shirts, Tote Bags","Minimalists, 24–40, design purists, tech professionals","minimalist, tranquil, precise, contemplative, techy, refined","Balance the code—find harmony in the digital age."
Digital Dharma,"Mindful minimalism meets digital innovation, offering calm, meditative fashion for the hyperconnected age.","pixel gradients, lotus motifs, soft neutrals, seamless construction, meditative lines","Polo Shirts, Hoodies, Tote Bags, Scarves/Bandanas","Mindful millennials, 22–40, wellness-focused, tech adopters","minimalist, serene, mindful, techy, clean, balanced","Find your center—where mindfulness meets the mainframe."
Arctic Aurora,"Inspired by polar landscapes and the aurora borealis, this lookbook features cool tones and light-reactive materials for the resilient explorer.","ice blue gradients, iridescent sheens, thermal textures, reflective piping, snow-white bases","Sweatshirts, Hoodies, Joggers, Bucket Hats","Adventurers, 18–35, outdoor lovers, style pioneers","crisp, luminous, resilient, cool, innovative, ethereal","Dress for the edge—where light dances on the horizon."
Pulsewave Ritual,"Inspired by global dance rituals and digital soundscapes, this lookbook pulses with kinetic energy for the movement enthusiast.","wave patterns, soundwave graphics, neon trims, rhythmic layering, dynamic fits","T-Shirts, Shorts, Hoodies, Bucket Hats","Music lovers, 16–28, festival goers, movement enthusiasts","energetic, rhythmic, vibrant, immersive, playful, bold","Feel the pulse—move to the ritual of the future."
Urban Shaman,"A cross-cultural fusion of indigenous patterns and cybernetic forms, channeling ancestral wisdom through modern streetwear.","tribal prints, circuit motifs, UV-reactive details, layered fabrics, coded symbols","Hoodies, Joggers, Bucket Hats, T-Shirts","Urban mystics, 20–38, mindful, digitally connected","mystical, rebellious, grounded, futuristic, symbolic, layered","Where ancient rites meet digital rebellion."
Celestial Code,"Inspired by cosmic navigation and ancient star lore, this lookbook channels the mystery of the universe through wearable tech.","star map prints, metallic sheens, constellation motifs, fiber optic threads, deep blues","T-Shirts, Hoodies, Scarves/Bandanas, Button-Down Shirts","Stargazers, 18–33, dreamers, science fans","mystical, cosmic, high-tech, dreamy, symbolic, elegant","Decode the cosmos—wear your destiny among the stars."
lookbook_title,theme_description,key_visual_elements,featured_products,target_audience,style_keywords,narrative_hook  
Neon Nomads,This lookbook reimagines nomadic traditions from Central Asian cultures through sustainable, light-reactive fabrics that symbolize perpetual motion and environmental harmony in a tech-evolved world.,neon glows,nomadic patterns,dynamic lighting,adaptive weaves,eco-textures,Hoodies,Sweatshirts,Joggers,Bucket Hats,Global wanderers, 22-35, adventure-seeking and eco-conscious,futuristic,nomadic,sustainable,energetic,transformative,Where ancient paths light up the digital horizon.  
Chromatic Rift,Blending rift valley artistry from East African heritage with color-shifting, reversible materials, this collection explores emotional resilience and sustainable innovation through garments that adapt to the wearer's journey.,chromatic shifts,rift motifs,iridescent hues,layered rifts,modular designs,T-Shirts,Polo Shirts,Shorts,Scarves/Bandanas,Urban creatives, 25-40, culturally inspired and sustainability-driven,futuristic,vibrant,adaptive,reversible,expressive,Rift through colors of cultural rebirth.  
Digital Shamanism,Drawing from Indigenous South American shamanic rituals and smart fabrics with embedded symbolism, this theme fosters spiritual awakening and eco-balance, turning everyday wear into conduits for modern rituals.,holographic symbols,shamanic prints,digital auras,ethereal lighting,spiritual gradients,Hoodies,T-Shirts,Button-Down Shirts,Tote Bags,Spiritual seekers, 18-35, tech-savvy and nature-connected,futuristic,mystical,sustainable,empowering,ritualistic,Shamanism in the code of tomorrow.  
Astral Flux,Inspired by cosmic myths from Polynesian lore and flux-responsive textiles, this lookbook captures the fluidity of stars and sustainable design, evoking a sense of infinite possibility and personal evolution.,astral flows,flux patterns,celestial lighting,starburst weaves,eco-flux hues,Sweatshirts,Joggers,Polo Shirts,Bucket Hats,Astro-enthusiasts, 20-38, dreamy and eco-innovative,futuristic,fluid,celestial,sustainable,transformative,Flux into the stars of your soul.  
Echo Vortex,Fusing vortex energy concepts from Sufi traditions with eco-friendly, swirling fabrics, this collection creates garments that whirl with narrative depth, promoting inner harmony and technological symbiosis.,vortex swirls,echo patterns,dynamic spins,whirling lights,sustainable weaves,T-Shirts,Hoodies,Scarves/Bandanas,Shorts,Cultural explorers, 24-42, introspective and green-minded,futuristic,whirling,echoing,sustainable,spiritual,Vortex echoes of ancient futures.  
Lunar Lattice,Rooted in lunar cycles from Celtic folklore and lattice-structured, biodegradable materials, this theme weaves emotional cycles with sustainable fashion, illuminating paths of renewal and connection.,lunar lattices,cycle motifs,soft moonlight,interlocking weaves,eco-lattice designs,Polo Shirts,Button-Down Shirts,Tote Bags,Joggers,Mindful innovators, 26-45, cycle-aware and eco-focused,futuristic,lunar,interconnected,sustainable,renewing,Lattice the light of lunar legacies.  
Quantum Veil,Integrating veiled customs from North African cultures with quantum-adaptive fabrics, this lookbook reveals layers of identity and sustainability, fostering a narrative of hidden strengths and environmental stewardship.,quantum veils,cultural overlays,mystical lighting,adaptive layers,eco-veil textures,Hoodies,Sweatshirts,Scarves/Bandanas,Tote Bags,Enigmatic thinkers, 23-39, mysterious and sustainability-committed,futuristic,veiled,quantum,sustainable,layered,Veil the quantum of cultural depths.  
Solar Surge,Blending solar worship from Incan heritage with surge-responsive, solar-powered textiles, this collection surges with energy and eco-innovation, symbolizing resilience and the fusion of ancient sun rites with modern tech.,solar surges,surge patterns,radiant lighting,energy weaves,sustainable surges,T-Shirts,Polo Shirts,Joggers,Button-Down Shirts,Sun-inspired adventurers, 21-36, radiant and eco-enthusiastic,futuristic,radiant,surging,sustainable,empowering,Surge towards solar sustainability.  
Prism Odyssey,Evoking odyssey tales from Greek mythology through prism-reflecting, reversible fabrics, this theme journeys through prismatic emotions and sustainable narratives, creating wearable stories of exploration and balance.,prism refractions,odyssey motifs,iridescent lighting,modular prisms,eco-prism designs,Sweatshirts,Hoodies,Shorts,Bucket Hats,Global storytellers, 25-40, exploratory and eco-conscious,futuristic,prismatic,odysseic,sustainable,balanced,Odyssey through prisms of green horizons.  
Nexus Glow,Inspired by interconnected nexus ideas from Asian philosophies and glow-in-the-dark, eco-fabrics, this lookbook glows with cultural links and sustainable tech, promoting unity and personal transformation.,nexus patterns,glow effects,interlinking lights,adaptive glows,sustainable nexus weaves,Button-Down Shirts,Tote Bags,Polo Shirts,Scarves/Bandanas,Connected visionaries, 28-45, networked and environmentally aware,futuristic,glowing,nexused,sustainable,unifying,Glow the nexus of future unity.  
Terra Pulse,Rooted in earth pulses from Native American traditions and pulse-reactive materials, this collection beats with sustainable rhythms, evoking grounded innovation and spiritual eco-harmony.,terra pulses,pulse motifs,earthy lighting,modular beats,eco-pulse textures,Joggers,Sweatshirts,T-Shirts,Bucket Hats,Earth-centered creators, 20-35, rhythmic and sustainability-focused,futuristic,pulsing,terrestrial,sustainable,grounded,Pulse the terra of tomorrow's beat.  
Holo Mirage,Merging mirage illusions from desert cultures with holographic, reversible fabrics, this lookbook creates mirage-like narratives of sustainability and cultural depth, inviting emotional discovery.,holo mirages,mirage patterns,desert lighting,interactive holograms,eco-mirage weaves,Hoodies,Polo Shirts,Shorts,Tote Bags,Dreamy nomads, 22-38, illusory and eco-inspired,futuristic,mirage-like,holographic,sustainable,evocative,Mirage into holo horizons of green.  
Fractal Fusion,Fusing fractal art from global indigenous patterns with fusion-tech fabrics, this theme explores infinite designs and sustainable fusion, symbolizing cultural evolution and environmental fusion.,fractal designs,fusion motifs,intricate lighting,layered fractals,eco-fusion textures,T-Shirts,Button-Down Shirts,Joggers,Scarves/Bandanas,Artistic fusionists, 24-41, fractal-loving and eco-committed,futuristic,fractal,fused,sustainable,infinite,Fusion fractals for eco-evolution.  
Aura Drift,Blending aura concepts from spiritual traditions with drift-responsive, eco-fabrics, this lookbook drifts through emotional landscapes, fostering sustainable connections and cultural fluidity.,aura drifts,drift patterns,ethereal lighting,adaptive auras,sustainable drift weaves,Sweatshirts,Hoodies,Tote Bags,Polo Shirts,Aura-sensitive explorers, 26-43, drifting and green-hearted,futuristic,drifting,aural,sustainable,fluid,Drift into auras of sustainable dreams.  
Zenith Wave,Drawn from zenith sky lore and wave-tech materials, this collection waves towards peak experiences and sustainability, weaving cultural motifs with innovative, reversible designs.,zenith waves,wave motifs,peak lighting,modular waves,eco-wave textures,Button-Down Shirts,Shorts,Joggers,Bucket Hats,Zenith seekers, 23-39, wave-riding and eco-focused,futuristic,zenith,waving,sustainable,peak,Wave to the zenith of green peaks.  
Spectral Loom,Integrating spectral threads from textile heritages with loom-like, sustainable fabrics, this lookbook looms stories of cultural spectra and environmental weaving.,spectral threads,loom patterns,spectral lighting,interwoven looms,eco-loom designs,T-Shirts,Hoodies,Scarves/Bandanas,Tote Bags,Cultural weavers, 25-40, spectral and sustainability-oriented,futuristic,spectral,loomed,sustainable,interconnected,Loom the spectra of eco-legends.  
Orbital Echo,Evoking orbital echoes from space-age myths and echo-adaptive textiles, this theme echoes sustainable orbits and cultural resonance, creating garments for cosmic emotional journeys.,orbital echoes,echo motifs,cosmic lighting,adaptive orbits,eco-echo weaves,Polo Shirts,Sweatshirts,Joggers,Button-Down Shirts,Orbital dreamers, 21-36, echoing and eco-innovative,futuristic,echoing,orbital,sustainable,cosmic,Echo orbits of sustainable stars.  
Radiant Loop,Rooted in looping symbols from Eastern philosophies and radiant, loop-tech fabrics, this lookbook loops infinite narratives of sustainability and cultural radiance.,radiant loops,loop patterns,radiant lighting,infinite loops,eco-loop textures,Hoodies,T-Shirts,Shorts,Bucket Hats,Radiant loopers, 24-42, looping and green-inspired,futuristic,radiant,looping,sustainable,infinite,Loop into radiant eco-cycles.  
Wisp Nexus,Blending wisp folklore from Celtic tales with nexus-linking fabrics, this collection nexus wisps of culture and sustainability, evoking ethereal connections and environmental whispers.,wisp nexuses,nexus patterns,ethereal lighting,linking wisps,eco-wisp weaves,Scarves/Bandanas,Tote Bags,Polo Shirts,Joggers,Whisp enthusiasts, 22-38, nexus-seeking and eco-poetic,futuristic,wispy,nexused,sustainable,ethereal,Nexus the wisps of green whispers.  
Cascade Cipher,Inspired by cascading ciphers from ancient scripts and cipher-adaptive materials, this lookbook cascades sustainable secrets and cultural codes for emotional decoding.,cascade ciphers,cipher motifs,cascading lighting,modular ciphers,eco-cipher textures,Button-Down Shirts,Sweatshirts,T-Shirts,Hoodies,Cipher decoders, 26-45, cascading and sustainability-curious,futuristic,cascading,ciphered,sustainable,secretive,Cascade ciphers of eco-enigma.  
Infinity Surge,Fusing infinity loops with surge-energy fabrics from global motifs, this theme surges towards endless sustainability and cultural infinity, powering wearable stories of transformation.,infinity surges,surge patterns,endless lighting,adaptive infinities,eco-surge weaves,Joggers,Shorts,Polo Shirts,Bucket Hats,Infinity chasers, 20-35, surging and eco-driven,futuristic,infinite,surging,sustainable,transformative,Surge the infinity of green loops.  
Mirage Flux,Rooted in mirage fluidity from desert narratives and flux-tech textiles, this lookbook fluxes cultural illusions with sustainable adaptability for emotional fluidity.,mirage fluxes,flux patterns,fluid lighting,interactive mirages,eco-flux designs,T-Shirts,Hoodies,Scarves/Bandanas,Button-Down Shirts,Mirage fluidists, 23-40, fluxing and eco-adaptive,futuristic,mirage,fluxing,sustainable,fluid,Flux mirages into eco-fluidity.  
Echo Loom,Blending echoing looms from textile traditions with echo-responsive fabrics, this collection looms sustainable echoes and cultural depth for resonant emotional narratives.,echo looms,loom patterns,resonant lighting,interwoven echoes,eco-loom weaves,Sweatshirts,Tote Bags,Joggers,Polo Shirts,Echo artisans, 25-43, looming and sustainability-resonant,futuristic,echoing,loomed,sustainable,depthful,Loom echoes of green resonance.  
Vortex Cipher,Integrating vortex ciphers from mystical scripts and cipher-tech materials, this lookbook ciphers sustainable vortices and cultural mysteries for transformative journeys.,vortex ciphers,cipher patterns,vortical lighting,modular vortices,eco-cipher designs,Button-Down Shirts,Shorts,Hoodies,T-Shirts,Vortex mystics, 24-39, ciphering and eco-transformative,futuristic,vortical,ciphered,sustainable,mystical,Cipher the vortex of eco-mysteries.  
Pulsar Wave,Drawn from pulsar waves in cosmic lore and wave-adaptive fabrics, this lookbook waves sustainable pulsars and cultural pulses for energetic emotional waves.,pulsar waves,wave patterns,pulsing lighting,adaptive pulsars,eco-wave designs,Scarves/Bandanas,Joggers,Sweatshirts,Bucket Hats,Pulsar wave riders, 22-36, waving and eco-energetic,futuristic,pulsing,waving,sustainable,cosmic,Wave pulsars to eco-energies.
```csv
lookbook_title,theme_description,key_visual_elements,featured_products,target_audience,style_keywords,narrative_hook
Neon Nomads,A journey through neon-lit urban landscapes, inspired by the fusion of technology and nomadic cultures.,holographic textures, neon hues, sharp geometrics,T-Shirts, Polo Shirts, Bucket Hats, Tote Bags,Global urban creatives, 22–35, tech-savvy, sustainability-conscious,futuristic, vibrant, adventurous, minimal, sustainable, edgy,Where streetwear meets the neon frontier
Chromatic Rift,Exploring the duality of light and shadow, where vibrant chromatic shifts symbolize transformation and change.,chromatic gradients, shadow play, reflective surfaces,T-Shirts, Hoodies, Joggers, Bucket Hats,Scarves/Bandanas,Global trendsetters, 18–40, culturally curious, forward-thinking,futuristic, colorful, transformative, modern, edgy,The spectrum of change is within you
Digital Shamanism,A blend of ancient spiritual symbolism and cutting-edge digital fashion, creating a new form of ritual.,holographic icons, tribal patterns, ethereal lighting,T-Shirts, Button-Down Shirts, Bucket Hats, Tote Bags,Global soul seekers, 25–45, spiritually inclined, tech-aware,futuristic, mystical, sustainable, avant-garde, ethereal,In the digital age, we find new ways to connect with the divine
Cybernetic Serenity,Combining the tranquility of nature with the precision of technology, this lookbook offers a serene yet advanced aesthetic.,soft metallics, nature motifs, soft lighting,Polo Shirts, Sweatshirts, Joggers, Tote Bags,Global eco-enthusiasts, 28–45, tech-savvy, mindful,futuristic, serene, sustainable, minimal, tech-infused,In a world of chaos, find your digital serenity
Galactic Wanderers,A cosmic journey through the galaxy, where each outfit represents a different celestial body.,starry textures, metallic silvers, deep blues,Polo Shirts, Hoodies, Sweatshirts, Joggers, Bucket Hats,Global space enthusiasts, 20–35, adventurous, tech-savvy,futuristic, galactic, adventurous, minimal, sustainable, edgy,Explore the universe one outfit at a time
Synthetic Wabi-Sabi,Embracing the beauty of imperfection in a synthetic world, this theme blends traditional Japanese aesthetics with modern tech.,imperfect textures, soft pastels, metallic accents,T-Shirts, Hoodies, Sweatshirts, Joggers, Tote Bags,Global minimalist fashion lovers, 25–45, sustainability-minded, tech-aware,futuristic, wabi-sabi, sustainable, minimal, modern, tech-infused,Imperfection is the new perfection
Techno-Tribal Fusion,A celebration of global tribal cultures through the lens of modern technology, creating a harmonious blend of old and new.,tribal patterns, holographic accents, warm lighting,T-Shirts, Polo Shirts, Hoodies, Joggers, Bucket Hats,Global cultural enthusiasts, 22–35, tech-savvy, sustainability-conscious,futuristic, tribal, sustainable, vibrant, modern, edgy,Where tradition meets the future
Quantum Reflections,A deep dive into the quantum world, where each outfit reflects a different state of matter or energy.,quantum patterns, iridescent textures, glowing accents,T-Shirts, Polo Shirts, Sweatshirts, Joggers, Bucket Hats,Global science and fashion enthusiasts, 18–35, tech-savvy, curious,futuristic, quantum, edgy, minimal, sustainable, tech-infused,Reflect the unseen, wear the unknown
Cyber Zen,A modern take on Zen philosophy, where technology and tranquility coexist in harmony.,soft metallics, Zen motifs, soft lighting,Polo Shirts, Hoodies, Sweatshirts, Joggers, Tote Bags,Global Zen practitioners, 25–45, tech-savvy, mindful,futuristic, Zen, sustainable, minimal, modern, tech-infused,Find your tech Zen
Neural Networks,Inspired by the intricate patterns of the human brain, this theme explores the connection between mind and machine.,neural patterns, metallic grays, neon accents,T-Shirts, Polo Shirts, Hoodies, Sweatshirts, Joggers,Global tech and fashion enthusiasts, 20–35, intellectually curious, sustainability-conscious,futuristic, neural, edgy, minimal, sustainable, tech-infused,Where mind and machine intertwine
Luminous Visions,A lookbook that celebrates the power of light, where each outfit glows and shimmers in the dark.,luminous materials, neon accents, dark backgrounds,T-Shirts, Hoodies, Sweatshirts, Joggers, Bucket Hats,Global night owls, 22–35, tech-savvy, adventurous,futuristic, luminous, edgy, minimal, sustainable, tech-infused,Light up the night, glow in the dark
Eco-Futurism,Combining sustainable materials with futuristic designs, this theme highlights the importance of eco-conscious fashion.,recycled materials, earth tones, holographic accents,T-Shirts, Polo Shirts, Hoodies, Sweatshirts, Joggers, Tote Bags,Global eco-enthusiasts, 25–45, sustainability-minded, tech-aware,futuristic, eco-friendly, sustainable, minimal, modern, tech-infused,Sustainability meets the future
Metamorphic Threads,A collection that explores the concept of transformation, where each outfit can be worn in multiple ways.,reversible fabrics, modular designs, metallic accents,T-Shirts, Polo Shirts, Hoodies, Sweatshirts, Joggers, Bucket Hats,Global fashion experimenters, 20–35, creative, tech-savvy,futuristic, modular, edgy, minimal, sustainable, tech-infused,Transform your style, transform your world
Cyber Mythology,A modern reinterpretation of ancient myths, where gods and heroes are reimagined through a tech lens.,mythological motifs, holographic textures, dark lighting,T-Shirts, Polo Shirts, Hoodies, Sweatshirts, Joggers, Bucket Hats,Global mythology enthusiasts, 22–35, tech-savvy, culturally curious,futuristic, mythological, edgy, minimal, sustainable, tech-infused,Myths come to life in the digital age
Neural Dreams,A dreamy, otherworldly theme inspired by the neural networks of the brain, with a focus on soft, flowing materials.,neural patterns, flowing fabrics, soft lighting,T-Shirts, Polo Shirts, Hoodies, Sweatshirts, Joggers, Tote Bags,Global dreamers, 25–45, tech-savvy, mindful,futuristic, neural, dreamy, minimal, sustainable, tech-infused,Dream in the digital realm
Bio-Mechanical Harmony,A lookbook that blends organic and mechanical elements, exploring the harmony between nature and technology.,organic textures, metallic accents, soft lighting,T-Shirts, Polo Shirts, Hoodies, Sweatshirts, Joggers, Bucket Hats,Global eco-enthusiasts, 25–45, tech-savvy, creative,futuristic, bio-mechanical, sustainable, minimal, modern, tech-infused,Nature and technology in perfect balance
Quantum Flux,A dynamic, ever-changing theme that represents the fluidity of quantum states, with outfits that shift and adapt.,quantum patterns, iridescent materials, neon accents,T-Shirts, Polo Shirts, Hoodies, Sweatshirts, Joggers, Bucket Hats,Global tech and fashion enthusiasts, 20–35, intellectually curious, adventurous,futuristic, quantum, edgy, minimal, sustainable, tech-infused,In a state of flux, find your true form
Cyber Alchemy,Inspired by the ancient art of alchemy, this theme blends traditional symbols with modern tech to create a new form of magic.,alchemical symbols, holographic textures, metallic accents,T-Shirts, Polo Shirts, Hoodies, Sweatshirts, Joggers, Bucket Hats,Global alchemy enthusiasts, 22–35, tech-savvy, spiritually inclined,futuristic, alchemical, edgy, minimal, sustainable, tech-infused,Alchemy in the digital age
Neural Serenity,A theme that combines the tranquility of Zen with the complexity of neural networks, creating a serene yet advanced aesthetic.,Zen motifs, neural patterns, soft lighting,T-Shirts, Polo Shirts, Hoodies, Sweatshirts, Joggers, Tote Bags,Global Zen practitioners, 25–45, tech-savvy, mindful,futuristic, neural, serene, minimal, sustainable, tech-infused,Find your tech Zen in a neural world
Cybernetic Bloom,Inspired by the blooming of flowers, this theme explores the growth and evolution of technology in a natural setting.,flower motifs, holographic accents, metallic greens,T-Shirts, Polo Shirts, Hoodies, Sweatshirts, Joggers, Bucket Hats,Global nature and tech enthusiasts, 22–35, sustainability-minded, creative,futuristic, floral, tech-infused, sustainable, minimal, modern,In the tech garden, beauty blooms
Neural Odyssey,A journey through the neural networks of the brain, where each outfit represents a different cognitive function.,neural patterns, metallic grays, neon accents,T-Shirts, Polo Shirts, Hoodies, Sweatshirts, Joggers, Bucket Hats,Global tech and fashion enthusiasts, 20–35, intellectually curious, adventurous,futuristic, neural, edgy, minimal, sustainable, tech-infused,Explore the neural odyssey of your mind
Quantum Reverie,A theme that explores the dream-like state of quantum superposition, with outfits that shimmer and shift.,quantum patterns, iridescent materials, soft lighting,T-Shirts, Polo Shirts, Hoodies, Sweatshirts, Joggers, Tote Bags,Global dreamers, 25–45, tech-savvy, mindful,futuristic, quantum, dreamy, minimal, sustainable, tech-infused,Reverie in the quantum realm
Bio-Digital Fusion,A blend of biological and digital elements, creating a futuristic and sustainable fashion narrative.,organic textures, holographic accents, metallic grays,T-Shirts, Polo Shirts, Hoodies, Sweatshirts, Joggers, Bucket Hats,Global eco-enthusiasts, 25–45, tech-savvy, creative,futuristic, bio-digital, sustainable, minimal, modern, tech-infused,Where biology meets the digital
